{
  "weights": [
    -0.0036923653647555625,
    -0.0013498988109221222,
    0.010618717326870152,
    -0.009797994315332294,
    -0.07235842215335303,
    0.06738544657435906,
    0.012015342088484607,
    -0.002809424186100333,
    -0.0021121819764532467,
    0.0842192239595753,
    -0.08704234659404454,
    0.05624950790413849,
    0.01928559661476733,
    0.011124072957790306,
    -0.15792809563948934,
    -0.11195163037499524,
    -0.15721928912917885,
    0.059495178662231515,
    0.058288214955604975,
    -0.08549993411133111,
    0.3293255437263138,
    -0.004235866565746273,
    -0.09835624150630795,
    -0.05092887132421107,
    -0.024086764039266368,
    -0.07493336524359875,
    -0.076223225049459,
    -0.09633607020160861,
    -0.15352308170001053,
    0.004142025444475087,
    -0.07788799750639497,
    0.08729356017772558,
    -0.043980217705891514,
    0.005329793363163881,
    0.07891087313890391,
    -0.0167280912223696,
    -0.0425921079108046,
    -0.2555036943253067,
    -0.25486494183301023,
    0.16862466560788456,
    -0.08019583573986172,
    -0.030759827997663244,
    0.018536673101388255,
    -0.009535165470171577,
    -0.04610676151903187,
    -0.02236561934224314,
    0.10490312833201113,
    0.003297553428867537,
    -0.009291394639013878,
    0.004719204787418333,
    -0.016914385191040812,
    0.015411174318902208,
    -0.018048246876418424,
    -0.00795911335009786,
    0.013614080601169974,
    -0.01586783981755609,
    -0.01172469141379247,
    0.0016549177098676034,
    0.015560644602685485,
    0.11330780049452342,
    -0.10487178452960493,
    -0.0018306554206548745,
    -0.008686175669338204,
    -0.02776689922644777,
    0.0062437442148722145,
    0.2393153573723208,
    0.06397916653414329,
    0.1670403705555147,
    -0.04446905038583775,
    0.00648802591966249,
    -0.028228804780529314,
    0.0006753051465877787,
    -0.05004836446785916,
    0.21836206765400754,
    -0.02809714483005131,
    0.01989587932539759,
    -0.08638498303767776,
    -0.06391615843448079,
    -0.07460845454684005,
    -0.08875900829046372,
    0.05572408460669345,
    -0.02590142837641078,
    0.03794702623378342
  ],
  "bias": -0.05346119850587688,
  "learning_rate": 0.0008,
  "n_iterations": 50,
  "optimizer": "saga",
  "batch_size": 256,
  "regularization": 0.0008,
  "l1_ratio": 0.5,
  "momentum": 0.0,
  "lr_schedule": "constant",
  "use_focal_loss": false,
  "focal_gamma": 2.0,
  "loss_history": [
    0.7156465485037861,
    0.6804138225730437,
    0.6765148758436522,
    0.6757170523996464,
    0.6756334105738632,
    0.6756194868538742,
    0.6756191812401643,
    0.6756266806017126,
    0.6756394227592998,
    0.6756544954594721,
    0.6756716547826214,
    0.6756870397041597,
    0.6757008103010174,
    0.6757133308325143,
    0.6757245848202669,
    0.6757348243455632,
    0.6757441709042068,
    0.6757527691964231,
    0.6757606202631476,
    0.6757677536566357,
    0.6757742808466681,
    0.6757803187216785,
    0.6757858425763473,
    0.6757909143129961,
    0.6757956320983318,
    0.6757999531242112,
    0.6758039753759137
  ],
  "weight_history": [
    [
      0.07710499019708883,
      -0.021462782008086743,
      0.10054075986816374,
      0.23642008474350593,
      -0.036347652977485836,
      -0.036345104444677506,
      0.24514137139164802,
      0.11912897369546548,
      -0.07287655828981418,
      0.08422165261129948,
      -0.0719363771796017,
      -0.07229527861412716,
      0.03755982885541517,
      -0.29699869354293823,
      -0.26775917650104375,
      -0.0872839522836992,
      -0.15722188129985945,
      0.048780646479126936,
      -0.14095267271395895,
      -0.21923205204967727,
      0.22751281249986077,
      -0.03504727886293113,
      0.01048241031370739,
      -0.22116381074574376,
      -0.08450458756513327,
      0.01721852526320409,
      -0.17866885404018662,
      0.058319642889164164,
      -0.09323720698800872,
      -0.04527965144946067,
      -0.09340298068056462,
      0.2875293373321968,
      -0.002095175615184787,
      -0.16418857871089118,
      0.1276837331891919,
      -0.18951168814604943,
      0.0324219178127711,
      -0.3041997993720565,
      -0.20617446001766682,
      0.030558790342203726,
      0.11463224485599911,
      0.026601516306997256,
      -0.017952095034533468,
      -0.04674035832474923,
      -0.2295111240184105,
      -0.11174149215444244,
      -0.07150500484823163,
      0.16409719432313208,
      0.05333990321817445,
      -0.2736769086852322,
      0.05030758864375305,
      -0.05977636287706352,
      -0.10507867327993047,
      0.09495057462918767,
      0.16004216427764212,
      0.14456271080637878,
      -0.13027182436624352,
      -0.047999069614364884,
      0.05142205728623198,
      0.1514339726532541,
      -0.07438226732171065,
      -0.028819862467944293,
      -0.1717364943364162,
      -0.18568728002672208,
      0.12612846884024545,
      0.21052928223184325,
      -0.011178138744150613,
      0.15577851725249886,
      0.05613679819101396,
      -0.10014200733606154,
      0.0560994778406628,
      0.23874957792362506,
      -0.005561279817832906,
      0.2428797992006239,
      -0.4066633079511694,
      0.12758401217003632,
      0.013512325554850326,
      -0.04641494245082815,
      0.01424403498945029,
      -0.3085305315890097,
      -0.034099690245597496,
      0.05543462202303648,
      0.2294136479528773
    ],
    [
      0.03525848380813371,
      -0.015168459602164402,
      0.05666354048337481,
      0.09795221263056711,
      -0.029463471540199487,
      -0.0011651418333716635,
      0.11669312952446668,
      0.05111221124723303,
      -0.06133070507126448,
      0.08422130566105317,
      -0.08773195824355194,
      -0.03170691751502657,
      0.020148116658011365,
      -0.13976110173534398,
      -0.2224469405661605,
      -0.09625786862834461,
      -0.15722151098774514,
      0.03897780247491401,
      -0.07738845731855877,
      -0.1731307876727314,
      0.26279639631161744,
      -0.003945193787090174,
      -0.03560938685943597,
      -0.14510533363432793,
      -0.05607457719281686,
      -0.034837050337572555,
      -0.12576150186860136,
      -0.004774928708270977,
      -0.11738933413911676,
      -0.02929522449571349,
      -0.07868192205384957,
      0.16416385292164667,
      0.0035638848990784014,
      -0.07074585517922985,
      0.08687037335470164,
      -0.07505552623999415,
      -0.02237284148981652,
      -0.2813548620026584,
      -0.22901859406746883,
      0.09076797481096041,
      -0.00720741946240624,
      -0.001424938935179309,
      0.006104355412418536,
      -0.039122351690069335,
      -0.14165276018777243,
      -0.07417042614013354,
      -0.006158956145256971,
      0.08439182383029695,
      0.017657271126023905,
      -0.15913575817787134,
      0.024716163576434087,
      -0.01915061837953316,
      -0.06846326636191694,
      0.05178669849027955,
      0.09022332839789057,
      0.07204316386734834,
      -0.07374772258783123,
      -0.030237338894832124,
      0.04034454155240654,
      0.1376210556309417,
      -0.08457754720379407,
      -0.032149636703088305,
      -0.07544600587741764,
      -0.15004310828147382,
      0.10691637274551018,
      0.21712590474331275,
      0.020155453404575335,
      0.14096865737574918,
      -0.0028521336500241024,
      -0.05112870739742655,
      0.024645190603750842,
      0.1348930088462849,
      -0.011917229776185631,
      0.20577907573204374,
      -0.19298708141558432,
      0.07458541886483361,
      -0.035435977080519605,
      -0.050510688736404206,
      -0.02037976677565811,
      -0.21220798047099182,
      0.03514989344739007,
      -0.002652592754839582,
      0.12811273128019063
    ],
    [
      -0.0037266128709959427,
      -0.0013749937635755115,
      0.010429860773222367,
      -0.010050648532965346,
      -0.0895294940548048,
      0.08200896371665334,
      0.014233384437190227,
      -0.0030648775659981304,
