{"means": [1497.32554, 48.48415, 69.96972207704368, 0.0045, 0.02601, 0.11221, 0.01462, 0.01766, 0.12064, 0.29375, 0.00495, 0.10835, 0.29731, 0.0713241, 2.7807, 0.49183, 0.06314, 0.01763, 0.2075, 0.2199, 0.49948048288088864, 0.18163, 0.78292, 0.03545, 117.41158412507826, 0.29811, 0.41137, 0.58863, 0.06027, 0.5003947, 0.04958, 0.05179, 0.27973, 0.04404, 0.1316, 0.09662, 0.01109, 0.25155, 0.04662, 0.08696, 0.19298010000000002, 29.99208, 1.4998, 2.00077, 42.54120880000001, 12.77016, 126.85528826585642, 3.9995869999999996, 0.59395, 0.14178, 0.09876, 0.16551, 0.30923, 2.04015], "stds": [865.9999753139191, 17.892078939505602, 29.5967756472665, 0.06693093455196933, 0.159164945575337, 0.3156246439997992, 0.12002606216984711, 0.13171227885053086, 0.32570844385738607, 0.45547880027505133, 0.07018188868931927, 0.31082193857577045, 0.4570741339214023, 0.033203309461407614, 2.064743933275989, 0.4999332466439894, 0.24321459742375662, 0.13160236737992215, 0.4055166457742518, 0.414178693319683, 0.28529618031231413, 0.385539288659405, 0.41225753310279245, 0.18491429771653678, 212.01525227601718, 0.5462054813895592, 0.4920820288325921, 0.4920820288325921, 0.23798640108207864, 0.28894299623266523, 0.21707561723970753, 0.22160278856548715, 0.4488664913980548, 0.20518401107298787, 0.3380553800784718, 0.29543963105852944, 0.10472350213777229, 0.4339039035316461, 0.21082356509650435, 0.2817764333651769, 0.1340180734229156, 5.486182395218008, 1.2258792599599686, 1.4146693631728935, 21.652682974883334, 5.7485975310852995, 371.4576483319125, 4.012810637125929, 0.49109408212683653, 0.34882435637437936, 0.29833950861392794, 0.37164020221176286, 1.4642222533140248, 3.9673943561864378], "feature_names": ["account_age_days", "age", "avg_transaction_amount", "country_AU", "country_BR", "country_CA", "country_DE", "country_FR", "country_ID", "country_IN", "country_SG", "country_UK", "country_US", "country_risk", "day_of_week", "device_os_Android", "device_os_Linux", "device_os_MacOS", "device_os_Windows", "device_os_iOS", "device_trust_score", "device_type_desktop", "device_type_mobile", "device_type_tablet", "distance_from_home", "failed_login_attempts", "gender_F", "gender_M", "has_chargeback_history", "ip_risk_score", "is_new_country", "merchant_category_clothing", "merchant_category_electronics", "merchant_category_financial", "merchant_category_gas", "merchant_category_groceries", "merchant_category_luxury", "merchant_category_restaurants", "merchant_category_services", "merchant_category_travel", "merchant_risk", "num_prev_transactions", "shared_device_users", "shared_ip_users", "std_transaction_amount", "time_of_day", "transaction_amount", "transaction_duration", "transaction_type_purchase", "transaction_type_topup", "transaction_type_transfer", "transaction_type_withdrawal", "transactions_last_1h", "transactions_last_24h"]}